idMunicipio;confirmado;municipio;dia;suspeito;obito
230100;   2;AQUIRAZ;2020-03-14;NA;NA
230195;   1;BARREIRA;2020-03-14;NA;NA
230370;   1;CAUCAIA;2020-03-14;   2;NA
230440;  41;FORTALEZA;2020-03-14;  66;NA
230445;   1;FORTIM;2020-03-14;NA;NA
230730;   1;JUAZEIRO DO NORTE;2020-03-14;NA;NA
230765;   1;MARACANAU;2020-03-14;   3;NA
230100;   2;AQUIRAZ;2020-03-15;NA;NA
230195;   1;BARREIRA;2020-03-15;NA;NA
230370;   1;CAUCAIA;2020-03-15;   2;NA
230440;  58;FORTALEZA;2020-03-15;  69;NA
230445;   1;FORTIM;2020-03-15;NA;NA
230730;   1;JUAZEIRO DO NORTE;2020-03-15;NA;NA
230765;   1;MARACANAU;2020-03-15;   3;NA
230100;   5;AQUIRAZ;2020-03-16;NA;NA
230195;   1;BARREIRA;2020-03-16;NA;NA
230370;   1;CAUCAIA;2020-03-16;   3;NA
230440;  94;FORTALEZA;2020-03-16;  84;NA
230445;   1;FORTIM;2020-03-16;NA;NA
230730;   1;JUAZEIRO DO NORTE;2020-03-16;NA;NA
230765;   1;MARACANAU;2020-03-16;   4;NA
231130;   2;QUIXADA;2020-03-16;   3;NA
231290;   1;SOBRAL;2020-03-16;NA;NA
230100;   6;AQUIRAZ;2020-03-17;NA;NA
230195;   1;BARREIRA;2020-03-17;NA;NA
230370;   1;CAUCAIA;2020-03-17;   3;NA
230440; 137;FORTALEZA;2020-03-17;  96;NA
230445;   1;FORTIM;2020-03-17;NA;NA
230730;   1;JUAZEIRO DO NORTE;2020-03-17;NA;NA
230765;   3;MARACANAU;2020-03-17;   5;NA
231130;   2;QUIXADA;2020-03-17;   4;NA
231290;   1;SOBRAL;2020-03-17;NA;NA
230100;   7;AQUIRAZ;2020-03-18;NA;NA
230195;   1;BARREIRA;2020-03-18;NA;NA
230370;   1;CAUCAIA;2020-03-18;   4;NA
230440; 210;FORTALEZA;2020-03-18; 109;NA
230445;   1;FORTIM;2020-03-18;NA;NA
230550;   2;IGUATU;2020-03-18;NA;NA
230730;   1;JUAZEIRO DO NORTE;2020-03-18;   2;NA
230765;   3;MARACANAU;2020-03-18;   5;NA
230770;   1;MARANGUAPE;2020-03-18;   7;NA
230810;   1;MAURITI;2020-03-18;NA;NA
231130;   2;QUIXADA;2020-03-18;   4;NA
231290;   4;SOBRAL;2020-03-18;NA;NA
230100;  13;AQUIRAZ;2020-03-19;NA;NA
230195;   1;BARREIRA;2020-03-19;NA;NA
230220;   1;BEBERIBE;2020-03-19;NA;NA
230370;   1;CAUCAIA;2020-03-19;   4;NA
230440; 263;FORTALEZA;2020-03-19; 137;NA
230445;   1;FORTIM;2020-03-19;NA;NA
230550;   2;IGUATU;2020-03-19;NA;NA
230590;   1;IPUEIRAS;2020-03-19;NA;NA
230690;   1;JAGUARIBE;2020-03-19;   1;NA
230730;   2;JUAZEIRO DO NORTE;2020-03-19;   3;NA
230765;   4;MARACANAU;2020-03-19;   5;NA
230770;   1;MARANGUAPE;2020-03-19;   7;NA
230810;   1;MAURITI;2020-03-19;NA;NA
231130;   2;QUIXADA;2020-03-19;   4;NA
231290;   5;SOBRAL;2020-03-19;NA;NA
230100;  18;AQUIRAZ;2020-03-20;NA;NA
230110;   2;ARACATI;2020-03-20;   4;NA
230195;   1;BARREIRA;2020-03-20;NA;NA
230220;   1;BEBERIBE;2020-03-20;NA;NA
230370;   2;CAUCAIA;2020-03-20;   8;NA
230428;   1;EUSEBIO;2020-03-20;   3;NA
230440; 389;FORTALEZA;2020-03-20; 190;NA
230445;   1;FORTIM;2020-03-20;NA;NA
230550;   2;IGUATU;2020-03-20;NA;NA
230590;   1;IPUEIRAS;2020-03-20;NA;NA
230630;   1;ITAPAJE;2020-03-20;NA;NA
230690;   1;JAGUARIBE;2020-03-20;   1;NA
230730;   3;JUAZEIRO DO NORTE;2020-03-20;   3;NA
230760;   2;LIMOEIRO DO NORTE;2020-03-20;   1;NA
230765;   5;MARACANAU;2020-03-20;   6;NA
230770;   2;MARANGUAPE;2020-03-20;   9;NA
230810;   1;MAURITI;2020-03-20;NA;NA
231130;   2;QUIXADA;2020-03-20;   5;NA
231220;   1;SANTA QUITERIA;2020-03-20;NA;NA
231290;   6;SOBRAL;2020-03-20;NA;NA
231340;   1;TIANGUA;2020-03-20;   1;NA
230100;  22;AQUIRAZ;2020-03-21;NA;NA
230110;   2;ARACATI;2020-03-21;   4;NA
230195;   1;BARREIRA;2020-03-21;NA;NA
230220;   1;BEBERIBE;2020-03-21;   1;NA
230370;   2;CAUCAIA;2020-03-21;   9;NA
230428;   2;EUSEBIO;2020-03-21;   3;NA
230430;   1;FARIAS BRITO;2020-03-21;NA;NA
230440; 499;FORTALEZA;2020-03-21; 232;NA
230445;   1;FORTIM;2020-03-21;NA;NA
230523;   4;HORIZONTE;2020-03-21;NA;NA
230550;   3;IGUATU;2020-03-21;NA;NA
230565;   1;IPAPORANGA;2020-03-21;NA;NA
230590;   1;IPUEIRAS;2020-03-21;NA;NA
230630;   1;ITAPAJE;2020-03-21;NA;NA
230690;   1;JAGUARIBE;2020-03-21;   1;NA
230730;   3;JUAZEIRO DO NORTE;2020-03-21;   3;NA
230760;   2;LIMOEIRO DO NORTE;2020-03-21;   1;NA
230765;   6;MARACANAU;2020-03-21;   7;NA
230770;   2;MARANGUAPE;2020-03-21;   9;NA
230810;   1;MAURITI;2020-03-21;NA;NA
230850;   1;MOMBACA;2020-03-21;NA;NA
231130;   4;QUIXADA;2020-03-21;   5;NA
231220;   1;SANTA QUITERIA;2020-03-21;NA;NA
231290;   9;SOBRAL;2020-03-21;NA;NA
231340;   1;TIANGUA;2020-03-21;   1;NA
230100;  28;AQUIRAZ;2020-03-22;NA;NA
230110;   3;ARACATI;2020-03-22;   4;NA
230195;   1;BARREIRA;2020-03-22;NA;NA
230220;   1;BEBERIBE;2020-03-22;   1;NA
230370;   7;CAUCAIA;2020-03-22;  11;NA
230428;   2;EUSEBIO;2020-03-22;   4;NA
230430;   1;FARIAS BRITO;2020-03-22;NA;NA
230440; 595;FORTALEZA;2020-03-22; 270;NA
230445;   1;FORTIM;2020-03-22;NA;NA
230523;   4;HORIZONTE;2020-03-22;NA;NA
230550;   3;IGUATU;2020-03-22;   1;NA
230565;   1;IPAPORANGA;2020-03-22;NA;NA
230590;   2;IPUEIRAS;2020-03-22;NA;NA
230620;   1;ITAICABA;2020-03-22;NA;NA
230625;   1;ITAITINGA;2020-03-22;   1;NA
230630;   1;ITAPAJE;2020-03-22;NA;NA
230690;   1;JAGUARIBE;2020-03-22;   1;NA
230730;   3;JUAZEIRO DO NORTE;2020-03-22;   3;NA
230760;   2;LIMOEIRO DO NORTE;2020-03-22;   1;NA
230765;   6;MARACANAU;2020-03-22;   8;NA
230770;   2;MARANGUAPE;2020-03-22;   9;NA
230810;   1;MAURITI;2020-03-22;NA;NA
230850;   1;MOMBACA;2020-03-22;NA;NA
231130;   6;QUIXADA;2020-03-22;   5;NA
231220;   1;SANTA QUITERIA;2020-03-22;NA;NA
231290;   9;SOBRAL;2020-03-22;NA;NA
231340;   1;TIANGUA;2020-03-22;   1;NA
230100;  28;AQUIRAZ;2020-03-23;   1;NA
230110;   3;ARACATI;2020-03-23;   5;NA
230195;   1;BARREIRA;2020-03-23;NA;NA
230220;   2;BEBERIBE;2020-03-23;   2;NA
230350;   1;CASCAVEL;2020-03-23;   2;NA
230370;  12;CAUCAIA;2020-03-23;  12;NA
230420;   1;CRATO;2020-03-23;   5;NA
230428;   3;EUSEBIO;2020-03-23;   5;NA
230430;   1;FARIAS BRITO;2020-03-23;NA;NA
230440; 710;FORTALEZA;2020-03-23; 335;NA
230445;   1;FORTIM;2020-03-23;NA;NA
230523;   4;HORIZONTE;2020-03-23;   1;NA
230550;   3;IGUATU;2020-03-23;   1;NA
230565;   1;IPAPORANGA;2020-03-23;NA;NA
230590;   2;IPUEIRAS;2020-03-23;NA;NA
230620;   1;ITAICABA;2020-03-23;NA;NA
230625;   1;ITAITINGA;2020-03-23;   2;NA
230630;   1;ITAPAJE;2020-03-23;NA;NA
230640;   1;ITAPIPOCA;2020-03-23;   2;NA
230690;   1;JAGUARIBE;2020-03-23;   1;NA
230730;   3;JUAZEIRO DO NORTE;2020-03-23;   4;NA
230760;   2;LIMOEIRO DO NORTE;2020-03-23;   1;NA
230765;   8;MARACANAU;2020-03-23;   8;NA
230770;   2;MARANGUAPE;2020-03-23;  10;NA
230810;   1;MAURITI;2020-03-23;NA;NA
230850;   1;MOMBACA;2020-03-23;NA;NA
230940;   2;NOVO ORIENTE;2020-03-23;NA;NA
230970;   1;PACATUBA;2020-03-23;   2;NA
231130;   6;QUIXADA;2020-03-23;   5;NA
231140;   1;QUIXERAMOBIM;2020-03-23;   3;NA
231150;   1;QUIXERE;2020-03-23;NA;NA
231220;   1;SANTA QUITERIA;2020-03-23;NA;NA
231270;   1;SENADOR POMPEU;2020-03-23;NA;NA
231290;  10;SOBRAL;2020-03-23;   1;NA
231310;   1;TABULEIRO DO NORTE;2020-03-23;NA;NA
231330;   1;TAUA;2020-03-23;   1;NA
231340;   2;TIANGUA;2020-03-23;   1;NA
231350;   1;TRAIRI;2020-03-23;   1;NA
230100;  28;AQUIRAZ;2020-03-24;   1;NA
230110;   3;ARACATI;2020-03-24;   6;NA
230195;   1;BARREIRA;2020-03-24;NA;NA
230220;   2;BEBERIBE;2020-03-24;   2;NA
230350;   1;CASCAVEL;2020-03-24;   2;NA
230370;  14;CAUCAIA;2020-03-24;  15;NA
230420;   1;CRATO;2020-03-24;   5;NA
230428;   4;EUSEBIO;2020-03-24;   6;NA
230430;   1;FARIAS BRITO;2020-03-24;   1;NA
230440; 843;FORTALEZA;2020-03-24; 426; 2
230445;   1;FORTIM;2020-03-24;NA;NA
230523;   4;HORIZONTE;2020-03-24;   1;NA
230550;   3;IGUATU;2020-03-24;   1;NA
230565;   1;IPAPORANGA;2020-03-24;NA;NA
230590;   2;IPUEIRAS;2020-03-24;   1;NA
230620;   1;ITAICABA;2020-03-24;NA;NA
230625;   1;ITAITINGA;2020-03-24;   2;NA
230630;   1;ITAPAJE;2020-03-24;NA;NA
230640;   2;ITAPIPOCA;2020-03-24;   2;NA
230690;   3;JAGUARIBE;2020-03-24;   1;NA
230730;   3;JUAZEIRO DO NORTE;2020-03-24;   5;NA
230760;   2;LIMOEIRO DO NORTE;2020-03-24;   1;NA
230765;  11;MARACANAU;2020-03-24;  10;NA
230770;   2;MARANGUAPE;2020-03-24;  10;NA
230810;   1;MAURITI;2020-03-24;NA;NA
230850;   1;MOMBACA;2020-03-24;NA;NA
230940;   2;NOVO ORIENTE;2020-03-24;NA;NA
230970;   1;PACATUBA;2020-03-24;   2;NA
231130;   6;QUIXADA;2020-03-24;   5;NA
231140;   1;QUIXERAMOBIM;2020-03-24;   3;NA
231150;   2;QUIXERE;2020-03-24;NA;NA
231180;   3;RUSSAS;2020-03-24;NA;NA
231200;   1;SANTANA DO ACARAU;2020-03-24;NA;NA
231220;   1;SANTA QUITERIA;2020-03-24;NA;NA
231270;   1;SENADOR POMPEU;2020-03-24;NA;NA
231290;  11;SOBRAL;2020-03-24;   8;NA
231310;   1;TABULEIRO DO NORTE;2020-03-24;NA;NA
231330;   1;TAUA;2020-03-24;   1;NA
231340;   2;TIANGUA;2020-03-24;   1;NA
231350;   1;TRAIRI;2020-03-24;   1;NA
230100;  28;AQUIRAZ;2020-03-25;   1;NA
230110;   3;ARACATI;2020-03-25;   7;NA
230195;   1;BARREIRA;2020-03-25;NA;NA
230220;   2;BEBERIBE;2020-03-25;   2;NA
230350;   1;CASCAVEL;2020-03-25;   2;NA
230360;   1;CATARINA;2020-03-25;NA;NA
230370;  17;CAUCAIA;2020-03-25;  17;NA
230420;   1;CRATO;2020-03-25;   7;NA
230423;   1;CROATA;2020-03-25;NA;NA
230428;   4;EUSEBIO;2020-03-25;   6;NA
230430;   1;FARIAS BRITO;2020-03-25;   1;NA
230440; 971;FORTALEZA;2020-03-25; 495; 3
230445;   1;FORTIM;2020-03-25;NA;NA
230500;   1;GUARACIABA DO NORTE;2020-03-25;NA;NA
230523;   4;HORIZONTE;2020-03-25;   2;NA
230550;   3;IGUATU;2020-03-25;   1;NA
230565;   1;IPAPORANGA;2020-03-25;NA;NA
230590;   2;IPUEIRAS;2020-03-25;   1;NA
230620;   1;ITAICABA;2020-03-25;NA;NA
230625;   1;ITAITINGA;2020-03-25;   2;NA
230630;   1;ITAPAJE;2020-03-25;NA;NA
230640;   2;ITAPIPOCA;2020-03-25;   3;NA
230655;   1;ITAREMA;2020-03-25;NA;NA
230690;   3;JAGUARIBE;2020-03-25;   1;NA
230730;   3;JUAZEIRO DO NORTE;2020-03-25;   6;NA
230760;   2;LIMOEIRO DO NORTE;2020-03-25;   1;NA
230765;  12;MARACANAU;2020-03-25;  10;NA
230770;   2;MARANGUAPE;2020-03-25;  12;NA
230810;   1;MAURITI;2020-03-25;NA;NA
230850;   2;MOMBACA;2020-03-25;NA;NA
230940;   2;NOVO ORIENTE;2020-03-25;NA;NA
230970;   1;PACATUBA;2020-03-25;   2;NA
231130;   6;QUIXADA;2020-03-25;   5;NA
231140;   2;QUIXERAMOBIM;2020-03-25;   3;NA
231150;   2;QUIXERE;2020-03-25;   1;NA
231180;   3;RUSSAS;2020-03-25;NA;NA
231200;   1;SANTANA DO ACARAU;2020-03-25;NA;NA
231220;   1;SANTA QUITERIA;2020-03-25;NA;NA
231270;   1;SENADOR POMPEU;2020-03-25;NA;NA
231290;  12;SOBRAL;2020-03-25;   9;NA
231310;   1;TABULEIRO DO NORTE;2020-03-25;NA;NA
231330;   1;TAUA;2020-03-25;   1;NA
231340;   2;TIANGUA;2020-03-25;   1;NA
231350;   1;TRAIRI;2020-03-25;   1;NA
230100;  28;AQUIRAZ;2020-03-26;   1;NA
230110;   3;ARACATI;2020-03-26;   9;NA
230195;   1;BARREIRA;2020-03-26;NA;NA
230220;   2;BEBERIBE;2020-03-26;   4;NA
230280;   1;CANINDE;2020-03-26;   1;NA
230350;   1;CASCAVEL;2020-03-26;   3;NA
230360;   1;CATARINA;2020-03-26;NA;NA
230370;  20;CAUCAIA;2020-03-26;  19;NA
230410;   1;CRATEUS;2020-03-26;  11;NA
230420;   1;CRATO;2020-03-26;   9;NA
230423;   1;CROATA;2020-03-26;NA;NA
230428;   4;EUSEBIO;2020-03-26;   6;NA
230430;   1;FARIAS BRITO;2020-03-26;   1;NA
230440;1059;FORTALEZA;2020-03-26; 578; 6
230445;   1;FORTIM;2020-03-26;NA;NA
230500;   1;GUARACIABA DO NORTE;2020-03-26;NA;NA
230523;   4;HORIZONTE;2020-03-26;   4;NA
230540;   2;ICO;2020-03-26;NA;NA
230550;   4;IGUATU;2020-03-26;   4;NA
230565;   1;IPAPORANGA;2020-03-26;NA;NA
230590;   2;IPUEIRAS;2020-03-26;   1;NA
230620;   1;ITAICABA;2020-03-26;NA;NA
230625;   1;ITAITINGA;2020-03-26;   3;NA
230630;   1;ITAPAJE;2020-03-26;NA;NA
230640;   2;ITAPIPOCA;2020-03-26;   6;NA
230655;   1;ITAREMA;2020-03-26;   2;NA
230690;   3;JAGUARIBE;2020-03-26;   1;NA
230730;   3;JUAZEIRO DO NORTE;2020-03-26;   6;NA
230760;   2;LIMOEIRO DO NORTE;2020-03-26;   4;NA
230765;  17;MARACANAU;2020-03-26;  12;NA
230770;   2;MARANGUAPE;2020-03-26;  14;NA
230810;   1;MAURITI;2020-03-26;NA;NA
230850;   2;MOMBACA;2020-03-26;NA;NA
230940;   2;NOVO ORIENTE;2020-03-26;NA;NA
230970;   1;PACATUBA;2020-03-26;   2;NA
231130;   6;QUIXADA;2020-03-26;   5;NA
231140;   2;QUIXERAMOBIM;2020-03-26;   3;NA
231150;   2;QUIXERE;2020-03-26;   2;NA
231180;   3;RUSSAS;2020-03-26;NA;NA
231200;   1;SANTANA DO ACARAU;2020-03-26;NA;NA
231220;   1;SANTA QUITERIA;2020-03-26;NA;NA
231270;   1;SENADOR POMPEU;2020-03-26;NA;NA
231280;   1;SENADOR SA;2020-03-26;NA;NA
231290;  14;SOBRAL;2020-03-26;   9;NA
231310;   1;TABULEIRO DO NORTE;2020-03-26;NA;NA
231330;   1;TAUA;2020-03-26;   1;NA
231340;   3;TIANGUA;2020-03-26;   1;NA
231350;   1;TRAIRI;2020-03-26;   1;NA
NA;   1;Sem informação;2020-03-26;2281;NA
230100;  28;AQUIRAZ;2020-03-27;   4;NA
230110;   3;ARACATI;2020-03-27;  12;NA
230195;   1;BARREIRA;2020-03-27;NA;NA
230220;   2;BEBERIBE;2020-03-27;  10;NA
230280;   1;CANINDE;2020-03-27;  12;NA
230350;   1;CASCAVEL;2020-03-27;   5;NA
230360;   1;CATARINA;2020-03-27;NA;NA
230370;  23;CAUCAIA;2020-03-27;  33;NA
230410;   1;CRATEUS;2020-03-27;  15;NA
230420;   1;CRATO;2020-03-27;  11;NA
230423;   1;CROATA;2020-03-27;NA;NA
230428;   4;EUSEBIO;2020-03-27;  13;NA
230430;   1;FARIAS BRITO;2020-03-27;   3;NA
230440;1138;FORTALEZA;2020-03-27; 883; 7
230445;   1;FORTIM;2020-03-27;NA;NA
230500;   1;GUARACIABA DO NORTE;2020-03-27;   1;NA
230523;   4;HORIZONTE;2020-03-27;   7;NA
230540;   2;ICO;2020-03-27;   3;NA
230550;   4;IGUATU;2020-03-27;   4;NA
230565;   1;IPAPORANGA;2020-03-27;NA;NA
230590;   2;IPUEIRAS;2020-03-27;   1;NA
230620;   1;ITAICABA;2020-03-27;NA;NA
230625;   1;ITAITINGA;2020-03-27;   5;NA
230630;   1;ITAPAJE;2020-03-27;   1;NA
230640;   2;ITAPIPOCA;2020-03-27;   7;NA
230655;   1;ITAREMA;2020-03-27;   2;NA
230690;   4;JAGUARIBE;2020-03-27;   3; 1
230730;   3;JUAZEIRO DO NORTE;2020-03-27;   8;NA
230760;   2;LIMOEIRO DO NORTE;2020-03-27;   4;NA
230765;  19;MARACANAU;2020-03-27;  19;NA
230770;   3;MARANGUAPE;2020-03-27;  18;NA
230810;   1;MAURITI;2020-03-27;   2;NA
230850;   2;MOMBACA;2020-03-27;NA;NA
230940;   2;NOVO ORIENTE;2020-03-27;NA;NA
230970;   2;PACATUBA;2020-03-27;   6;NA
231130;   6;QUIXADA;2020-03-27;   9;NA
231140;   2;QUIXERAMOBIM;2020-03-27;   3;NA
231150;   2;QUIXERE;2020-03-27;   5;NA
231180;   3;RUSSAS;2020-03-27;   4;NA
231200;   1;SANTANA DO ACARAU;2020-03-27;NA;NA
231220;   1;SANTA QUITERIA;2020-03-27;NA;NA
231270;   1;SENADOR POMPEU;2020-03-27;   3;NA
231280;   1;SENADOR SA;2020-03-27;NA;NA
231290;  15;SOBRAL;2020-03-27;  58;NA
231310;   1;TABULEIRO DO NORTE;2020-03-27;   1;NA
231330;   1;TAUA;2020-03-27;   3;NA
231340;   3;TIANGUA;2020-03-27;   3; 1
231350;   1;TRAIRI;2020-03-27;   2;NA
NA;   2;Sem informação;2020-03-27;2282;NA
230100;  30;AQUIRAZ;2020-03-28;   6;NA
230110;   3;ARACATI;2020-03-28;  13;NA
230195;   1;BARREIRA;2020-03-28;NA;NA
230220;   2;BEBERIBE;2020-03-28;  10;NA
230280;   1;CANINDE;2020-03-28;  18;NA
230350;   1;CASCAVEL;2020-03-28;   6;NA
230360;   1;CATARINA;2020-03-28;NA;NA
230370;  25;CAUCAIA;2020-03-28;  50;NA
230410;   1;CRATEUS;2020-03-28;  16;NA
230420;   1;CRATO;2020-03-28;  11;NA
230423;   1;CROATA;2020-03-28;NA;NA
230428;   4;EUSEBIO;2020-03-28;  14;NA
230430;   1;FARIAS BRITO;2020-03-28;   3;NA
230440;1190;FORTALEZA;2020-03-28;1066; 8
230445;   1;FORTIM;2020-03-28;NA;NA
230500;   1;GUARACIABA DO NORTE;2020-03-28;   2;NA
230523;   4;HORIZONTE;2020-03-28;   7;NA
230540;   2;ICO;2020-03-28;   3;NA
230550;   4;IGUATU;2020-03-28;   4;NA
230565;   1;IPAPORANGA;2020-03-28;NA;NA
230590;   2;IPUEIRAS;2020-03-28;   1;NA
230620;   1;ITAICABA;2020-03-28;NA;NA
230625;   1;ITAITINGA;2020-03-28;   8;NA
230630;   1;ITAPAJE;2020-03-28;   1;NA
230640;   2;ITAPIPOCA;2020-03-28;   7;NA
230655;   1;ITAREMA;2020-03-28;   2;NA
230690;   4;JAGUARIBE;2020-03-28;   3; 1
230730;   3;JUAZEIRO DO NORTE;2020-03-28;   9;NA
230760;   2;LIMOEIRO DO NORTE;2020-03-28;   5;NA
230765;  24;MARACANAU;2020-03-28;  24;NA
230770;   3;MARANGUAPE;2020-03-28;  22;NA
230810;   1;MAURITI;2020-03-28;   2;NA
230850;   2;MOMBACA;2020-03-28;   1;NA
230940;   2;NOVO ORIENTE;2020-03-28;NA;NA
230970;   2;PACATUBA;2020-03-28;   6;NA
231130;   6;QUIXADA;2020-03-28;  11;NA
231140;   2;QUIXERAMOBIM;2020-03-28;   4;NA
231150;   2;QUIXERE;2020-03-28;   5;NA
231180;   3;RUSSAS;2020-03-28;   5;NA
231200;   1;SANTANA DO ACARAU;2020-03-28;NA;NA
231220;   1;SANTA QUITERIA;2020-03-28;NA; 1
231270;   1;SENADOR POMPEU;2020-03-28;   3;NA
231280;   1;SENADOR SA;2020-03-28;NA;NA
231290;  15;SOBRAL;2020-03-28;  71;NA
231310;   1;TABULEIRO DO NORTE;2020-03-28;   3;NA
231330;   1;TAUA;2020-03-28;   8;NA
231340;   3;TIANGUA;2020-03-28;   3; 1
231350;   1;TRAIRI;2020-03-28;   2;NA
NA;   4;Sem informação;2020-03-28;2282;NA
230100;  30;AQUIRAZ;2020-03-29;   7;NA
230110;   3;ARACATI;2020-03-29;  13;NA
230195;   1;BARREIRA;2020-03-29;NA;NA
230220;   2;BEBERIBE;2020-03-29;  10;NA
230280;   1;CANINDE;2020-03-29;  20;NA
230350;   1;CASCAVEL;2020-03-29;   6;NA
230360;   1;CATARINA;2020-03-29;NA;NA
230370;  26;CAUCAIA;2020-03-29;  57;NA
230410;   1;CRATEUS;2020-03-29;  17;NA
230420;   1;CRATO;2020-03-29;  11;NA
230423;   1;CROATA;2020-03-29;NA;NA
230428;   4;EUSEBIO;2020-03-29;  16; 1
230430;   1;FARIAS BRITO;2020-03-29;   3;NA
230440;1241;FORTALEZA;2020-03-29;1216;10
230445;   1;FORTIM;2020-03-29;   1;NA
230500;   1;GUARACIABA DO NORTE;2020-03-29;   2;NA
230523;   4;HORIZONTE;2020-03-29;   9;NA
230540;   2;ICO;2020-03-29;   3;NA
230550;   5;IGUATU;2020-03-29;   7;NA
230565;   1;IPAPORANGA;2020-03-29;NA;NA
230590;   2;IPUEIRAS;2020-03-29;   1;NA
230620;   1;ITAICABA;2020-03-29;NA;NA
230625;   3;ITAITINGA;2020-03-29;  11;NA
230630;   1;ITAPAJE;2020-03-29;   1;NA
230640;   2;ITAPIPOCA;2020-03-29;   9;NA
230655;   1;ITAREMA;2020-03-29;   2;NA
230690;   4;JAGUARIBE;2020-03-29;   3; 1
230730;   3;JUAZEIRO DO NORTE;2020-03-29;  12;NA
230760;   2;LIMOEIRO DO NORTE;2020-03-29;   5;NA
230765;  28;MARACANAU;2020-03-29;  29;NA
230770;   3;MARANGUAPE;2020-03-29;  24;NA
230810;   1;MAURITI;2020-03-29;   2;NA
230850;   2;MOMBACA;2020-03-29;   2;NA
230940;   2;NOVO ORIENTE;2020-03-29;NA;NA
230970;   2;PACATUBA;2020-03-29;  10;NA
231130;   6;QUIXADA;2020-03-29;  11;NA
231140;   2;QUIXERAMOBIM;2020-03-29;   4;NA
231150;   2;QUIXERE;2020-03-29;   5;NA
231180;   3;RUSSAS;2020-03-29;   9;NA
231200;   1;SANTANA DO ACARAU;2020-03-29;NA;NA
231220;   1;SANTA QUITERIA;2020-03-29;NA; 1
231270;   1;SENADOR POMPEU;2020-03-29;   3;NA
231280;   1;SENADOR SA;2020-03-29;NA;NA
231290;  16;SOBRAL;2020-03-29;  80;NA
231310;   1;TABULEIRO DO NORTE;2020-03-29;   4;NA
231330;   1;TAUA;2020-03-29;  11;NA
231340;   3;TIANGUA;2020-03-29;   3; 1
231350;   1;TRAIRI;2020-03-29;   2;NA
NA;   5;Sem informação;2020-03-29;2282;NA
230100;  30;AQUIRAZ;2020-03-30;   8;NA
230110;   3;ARACATI;2020-03-30;  24;NA
230195;   1;BARREIRA;2020-03-30;NA;NA
230220;   2;BEBERIBE;2020-03-30;  10;NA
230280;   1;CANINDE;2020-03-30;  24;NA
230350;   1;CASCAVEL;2020-03-30;   7;NA
230360;   1;CATARINA;2020-03-30;   1;NA
230370;  28;CAUCAIA;2020-03-30;  87;NA
230410;   1;CRATEUS;2020-03-30;  22;NA
230420;   1;CRATO;2020-03-30;  11;NA
230423;   1;CROATA;2020-03-30;NA;NA
230428;   4;EUSEBIO;2020-03-30;  20; 1
230430;   1;FARIAS BRITO;2020-03-30;   3;NA
230440;1350;FORTALEZA;2020-03-30;1597;13
230445;   1;FORTIM;2020-03-30;   1;NA
230500;   1;GUARACIABA DO NORTE;2020-03-30;   2;NA
230523;   4;HORIZONTE;2020-03-30;  15;NA
230535;   1;ICAPUI;2020-03-30;   6;NA
230540;   2;ICO;2020-03-30;   4;NA
230550;   5;IGUATU;2020-03-30;   8;NA
230565;   1;IPAPORANGA;2020-03-30;   1;NA
230590;   2;IPUEIRAS;2020-03-30;   1;NA
230620;   1;ITAICABA;2020-03-30;NA;NA
230625;   3;ITAITINGA;2020-03-30;  12;NA
230630;   1;ITAPAJE;2020-03-30;   1;NA
230640;   2;ITAPIPOCA;2020-03-30;  13;NA
230655;   1;ITAREMA;2020-03-30;   4;NA
230690;   4;JAGUARIBE;2020-03-30;   3; 1
230730;   3;JUAZEIRO DO NORTE;2020-03-30;  18;NA
230760;   2;LIMOEIRO DO NORTE;2020-03-30;   6;NA
230765;  28;MARACANAU;2020-03-30;  41;NA
230770;   4;MARANGUAPE;2020-03-30;  30;NA
230810;   1;MAURITI;2020-03-30;   5;NA
230850;   2;MOMBACA;2020-03-30;   5;NA
230940;   2;NOVO ORIENTE;2020-03-30;NA;NA
230970;   2;PACATUBA;2020-03-30;  10;NA
231130;   6;QUIXADA;2020-03-30;  14;NA
231140;   2;QUIXERAMOBIM;2020-03-30;   8;NA
231150;   2;QUIXERE;2020-03-30;   7;NA
231180;   3;RUSSAS;2020-03-30;  11;NA
231200;   1;SANTANA DO ACARAU;2020-03-30;NA;NA
231220;   1;SANTA QUITERIA;2020-03-30;   2; 1
231270;   1;SENADOR POMPEU;2020-03-30;   3;NA
231280;   1;SENADOR SA;2020-03-30;NA;NA
231290;  16;SOBRAL;2020-03-30; 102;NA
231310;   1;TABULEIRO DO NORTE;2020-03-30;   4;NA
231330;   1;TAUA;2020-03-30;  12;NA
231340;   3;TIANGUA;2020-03-30;   3; 1
231350;   1;TRAIRI;2020-03-30;   2;NA
NA;   6;Sem informação;2020-03-30;2283;NA
230075;   1;AMONTADA;2020-03-31;  10;NA
230100;  30;AQUIRAZ;2020-03-31;  16;NA
230110;   3;ARACATI;2020-03-31;  25;NA
230195;   1;BARREIRA;2020-03-31;NA;NA
230220;   2;BEBERIBE;2020-03-31;  11;NA
230280;   1;CANINDE;2020-03-31;  31;NA
230350;   1;CASCAVEL;2020-03-31;  10;NA
230360;   1;CATARINA;2020-03-31;   3;NA
230370;  29;CAUCAIA;2020-03-31; 109;NA
230410;   1;CRATEUS;2020-03-31;  23;NA
230420;   2;CRATO;2020-03-31;  19;NA
230423;   1;CROATA;2020-03-31;NA;NA
230428;   4;EUSEBIO;2020-03-31;  28; 1
230430;   1;FARIAS BRITO;2020-03-31;   3; 1
230440;1400;FORTALEZA;2020-03-31;1943;14
230445;   1;FORTIM;2020-03-31;   2;NA
230500;   1;GUARACIABA DO NORTE;2020-03-31;   5;NA
230523;   5;HORIZONTE;2020-03-31;  22;NA
230535;   1;ICAPUI;2020-03-31;   7;NA
230540;   2;ICO;2020-03-31;  10;NA
230550;   5;IGUATU;2020-03-31;   9;NA
230565;   1;IPAPORANGA;2020-03-31;   2;NA
230590;   2;IPUEIRAS;2020-03-31;   1;NA
230620;   1;ITAICABA;2020-03-31;NA;NA
230625;   3;ITAITINGA;2020-03-31;  17;NA
230630;   1;ITAPAJE;2020-03-31;   1;NA
230640;   2;ITAPIPOCA;2020-03-31;  13;NA
230655;   1;ITAREMA;2020-03-31;   4;NA
230690;   4;JAGUARIBE;2020-03-31;   3; 1
230730;   3;JUAZEIRO DO NORTE;2020-03-31;  19;NA
230750;   1;LAVRAS DA MANGABEIRA;2020-03-31;   5;NA
230760;   2;LIMOEIRO DO NORTE;2020-03-31;   9;NA
230765;  28;MARACANAU;2020-03-31;  49;NA
230770;   4;MARANGUAPE;2020-03-31;  37; 1
230810;   1;MAURITI;2020-03-31;   5;NA
230850;   2;MOMBACA;2020-03-31;   5;NA
230940;   2;NOVO ORIENTE;2020-03-31;NA;NA
230960;   1;PACAJUS;2020-03-31;  12;NA
230970;   2;PACATUBA;2020-03-31;  14;NA
231130;   6;QUIXADA;2020-03-31;  16;NA
231140;   3;QUIXERAMOBIM;2020-03-31;   8;NA
231150;   2;QUIXERE;2020-03-31;   9;NA
231180;   3;RUSSAS;2020-03-31;  18;NA
231200;   1;SANTANA DO ACARAU;2020-03-31;   3;NA
231220;   1;SANTA QUITERIA;2020-03-31;   5; 1
231270;   2;SENADOR POMPEU;2020-03-31;   5;NA
231280;   1;SENADOR SA;2020-03-31;NA;NA
231290;  16;SOBRAL;2020-03-31; 115;NA
231310;   1;TABULEIRO DO NORTE;2020-03-31;   4;NA
231330;   1;TAUA;2020-03-31;  14;NA
231340;   3;TIANGUA;2020-03-31;   4; 1
231350;   1;TRAIRI;2020-03-31;   3;NA
NA;   9;Sem informação;2020-03-31;2284;NA
230075;   1;AMONTADA;2020-04-01;  10;NA
230100;  30;AQUIRAZ;2020-04-01;  27;NA
230110;   3;ARACATI;2020-04-01;  26;NA
230195;   1;BARREIRA;2020-04-01;NA;NA
230220;   2;BEBERIBE;2020-04-01;  11;NA
230280;   1;CANINDE;2020-04-01;  41;NA
230350;   1;CASCAVEL;2020-04-01;  10;NA
230360;   1;CATARINA;2020-04-01;   3;NA
230370;  30;CAUCAIA;2020-04-01; 132;NA
230410;   1;CRATEUS;2020-04-01;  28;NA
230420;   2;CRATO;2020-04-01;  25;NA
230423;   1;CROATA;2020-04-01;NA;NA
230428;   4;EUSEBIO;2020-04-01;  36; 1
230430;   1;FARIAS BRITO;2020-04-01;   3; 1
230440;1467;FORTALEZA;2020-04-01;2289;16
230445;   1;FORTIM;2020-04-01;   3;NA
230500;   1;GUARACIABA DO NORTE;2020-04-01;   6;NA
230523;   5;HORIZONTE;2020-04-01;  24;NA
230535;   1;ICAPUI;2020-04-01;   7;NA
230540;   2;ICO;2020-04-01;  10;NA
230550;   5;IGUATU;2020-04-01;   9;NA
230565;   1;IPAPORANGA;2020-04-01;   2;NA
230590;   2;IPUEIRAS;2020-04-01;   2;NA
230620;   1;ITAICABA;2020-04-01;NA;NA
230625;   4;ITAITINGA;2020-04-01;  18;NA
230630;   1;ITAPAJE;2020-04-01;   1;NA
230640;   2;ITAPIPOCA;2020-04-01;  14;NA
230655;   1;ITAREMA;2020-04-01;   4;NA
230690;   4;JAGUARIBE;2020-04-01;   4; 1
230730;   3;JUAZEIRO DO NORTE;2020-04-01;  21;NA
230750;   1;LAVRAS DA MANGABEIRA;2020-04-01;   5;NA
230760;   3;LIMOEIRO DO NORTE;2020-04-01;  11;NA
230765;  30;MARACANAU;2020-04-01;  55;NA
230770;   4;MARANGUAPE;2020-04-01;  38; 1
230810;   1;MAURITI;2020-04-01;   5;NA
230850;   2;MOMBACA;2020-04-01;   5;NA
230940;   2;NOVO ORIENTE;2020-04-01;NA;NA
230960;   1;PACAJUS;2020-04-01;  16;NA
230970;   2;PACATUBA;2020-04-01;  17;NA
231130;   7;QUIXADA;2020-04-01;  18;NA
231140;   3;QUIXERAMOBIM;2020-04-01;   9;NA
231150;   2;QUIXERE;2020-04-01;  10;NA
231180;   3;RUSSAS;2020-04-01;  19;NA
231200;   1;SANTANA DO ACARAU;2020-04-01;   5;NA
231220;   1;SANTA QUITERIA;2020-04-01;   6; 1
231270;   2;SENADOR POMPEU;2020-04-01;   5;NA
231280;   1;SENADOR SA;2020-04-01;NA;NA
231290;  16;SOBRAL;2020-04-01; 136;NA
231310;   1;TABULEIRO DO NORTE;2020-04-01;   4;NA
231330;   1;TAUA;2020-04-01;  17;NA
231340;   3;TIANGUA;2020-04-01;   5; 1
231350;   1;TRAIRI;2020-04-01;   3;NA
NA;  11;Sem informação;2020-04-01;2286;NA
230075;   1;AMONTADA;2020-04-02;  10;NA
230100;  30;AQUIRAZ;2020-04-02;  39;NA
230110;   3;ARACATI;2020-04-02;  29;NA
230195;   1;BARREIRA;2020-04-02;   1;NA
230220;   2;BEBERIBE;2020-04-02;  15;NA
230280;   1;CANINDE;2020-04-02;  50;NA
230330;   2;CARIUS;2020-04-02;   5;NA
230350;   1;CASCAVEL;2020-04-02;  11;NA
230360;   1;CATARINA;2020-04-02;   3;NA
230370;  30;CAUCAIA;2020-04-02; 139;NA
230410;   1;CRATEUS;2020-04-02;  28;NA
230420;   2;CRATO;2020-04-02;  25;NA
230423;   1;CROATA;2020-04-02;   1;NA
230428;   5;EUSEBIO;2020-04-02;  40; 1
230430;   1;FARIAS BRITO;2020-04-02;   4; 1
230440;1523;FORTALEZA;2020-04-02;2710;22
230445;   1;FORTIM;2020-04-02;   3;NA
230500;   1;GUARACIABA DO NORTE;2020-04-02;   6;NA
230523;   6;HORIZONTE;2020-04-02;  31;NA
230535;   1;ICAPUI;2020-04-02;   7;NA
230540;   3;ICO;2020-04-02;  10;NA
230550;   5;IGUATU;2020-04-02;   9;NA
230565;   1;IPAPORANGA;2020-04-02;   2;NA
230590;   2;IPUEIRAS;2020-04-02;   2;NA
230620;   1;ITAICABA;2020-04-02;NA;NA
230625;   5;ITAITINGA;2020-04-02;  20;NA
230630;   1;ITAPAJE;2020-04-02;   2;NA
230640;   2;ITAPIPOCA;2020-04-02;  14;NA
230655;   1;ITAREMA;2020-04-02;   5;NA
230690;   4;JAGUARIBE;2020-04-02;   8; 1
230730;   3;JUAZEIRO DO NORTE;2020-04-02;  25;NA
230750;   1;LAVRAS DA MANGABEIRA;2020-04-02;   5;NA
230760;   3;LIMOEIRO DO NORTE;2020-04-02;  13;NA
230765;  30;MARACANAU;2020-04-02;  58; 1
230770;   4;MARANGUAPE;2020-04-02;  38; 1
230810;   1;MAURITI;2020-04-02;   5;NA
230850;   2;MOMBACA;2020-04-02;   5;NA
230940;   2;NOVO ORIENTE;2020-04-02;NA;NA
230960;   1;PACAJUS;2020-04-02;  19;NA
230970;   3;PACATUBA;2020-04-02;  20;NA
231130;   7;QUIXADA;2020-04-02;  21;NA
231140;   3;QUIXERAMOBIM;2020-04-02;   9;NA
231150;   2;QUIXERE;2020-04-02;  12;NA
231180;   3;RUSSAS;2020-04-02;  22;NA
231200;   1;SANTANA DO ACARAU;2020-04-02;   7;NA
231220;   1;SANTA QUITERIA;2020-04-02;   7; 1
231270;   2;SENADOR POMPEU;2020-04-02;   5;NA
231280;   1;SENADOR SA;2020-04-02;   1;NA
231290;  16;SOBRAL;2020-04-02; 164;NA
231310;   1;TABULEIRO DO NORTE;2020-04-02;   4;NA
231330;   1;TAUA;2020-04-02;  18;NA
231340;   3;TIANGUA;2020-04-02;   8; 1
231350;   1;TRAIRI;2020-04-02;   3;NA
NA;  12;Sem informação;2020-04-02;2286;NA
230030;   1;ACOPIARA;2020-04-03;   8;NA
230075;   1;AMONTADA;2020-04-03;  10;NA
230100;  30;AQUIRAZ;2020-04-03;  41;NA
230110;   3;ARACATI;2020-04-03;  32;NA
230195;   1;BARREIRA;2020-04-03;   2;NA
230220;   2;BEBERIBE;2020-04-03;  16;NA
230280;   1;CANINDE;2020-04-03;  62;NA
230330;   2;CARIUS;2020-04-03;   5;NA
230350;   1;CASCAVEL;2020-04-03;  15;NA
230360;   1;CATARINA;2020-04-03;   3;NA
230370;  30;CAUCAIA;2020-04-03; 145;NA
230410;   1;CRATEUS;2020-04-03;  29;NA
230420;   2;CRATO;2020-04-03;  25;NA
230423;   1;CROATA;2020-04-03;   1;NA
230428;   6;EUSEBIO;2020-04-03;  41; 1
230430;   1;FARIAS BRITO;2020-04-03;   5; 1
230440;1587;FORTALEZA;2020-04-03;3117;28
230445;   1;FORTIM;2020-04-03;   3;NA
230465;   1;GRACA;2020-04-03;NA;NA
230500;   1;GUARACIABA DO NORTE;2020-04-03;   6;NA
230523;   6;HORIZONTE;2020-04-03;  38;NA
230535;   2;ICAPUI;2020-04-03;   7;NA
230540;   3;ICO;2020-04-03;  10;NA
230550;   6;IGUATU;2020-04-03;  10; 1
230565;   1;IPAPORANGA;2020-04-03;   2;NA
230590;   2;IPUEIRAS;2020-04-03;   2;NA
230620;   1;ITAICABA;2020-04-03;NA;NA
230625;   5;ITAITINGA;2020-04-03;  21;NA
230630;   1;ITAPAJE;2020-04-03;   2;NA
230640;   2;ITAPIPOCA;2020-04-03;  15;NA
230655;   1;ITAREMA;2020-04-03;   5;NA
230690;   4;JAGUARIBE;2020-04-03;  10; 1
230730;   3;JUAZEIRO DO NORTE;2020-04-03;  26;NA
230750;   1;LAVRAS DA MANGABEIRA;2020-04-03;   5;NA
230760;   3;LIMOEIRO DO NORTE;2020-04-03;  13;NA
230765;  30;MARACANAU;2020-04-03;  64; 1
230770;   4;MARANGUAPE;2020-04-03;  38; 1
230810;   1;MAURITI;2020-04-03;   5;NA
230850;   2;MOMBACA;2020-04-03;   5;NA
230940;   2;NOVO ORIENTE;2020-04-03;NA;NA
230960;   1;PACAJUS;2020-04-03;  26;NA
230970;   3;PACATUBA;2020-04-03;  22;NA
231130;   7;QUIXADA;2020-04-03;  21;NA
231140;   3;QUIXERAMOBIM;2020-04-03;  10;NA
231150;   2;QUIXERE;2020-04-03;  12;NA
231180;   3;RUSSAS;2020-04-03;  24;NA
231200;   1;SANTANA DO ACARAU;2020-04-03;   7;NA
231220;   1;SANTA QUITERIA;2020-04-03;   8; 1
231270;   2;SENADOR POMPEU;2020-04-03;   7;NA
231280;   1;SENADOR SA;2020-04-03;   1;NA
231290;  16;SOBRAL;2020-04-03; 172;NA
231310;   1;TABULEIRO DO NORTE;2020-04-03;   4;NA
231330;   1;TAUA;2020-04-03;  25;NA
231340;   3;TIANGUA;2020-04-03;  11; 1
231350;   1;TRAIRI;2020-04-03;   3;NA
NA;  12;Sem informação;2020-04-03;2287;NA
230030;   1;ACOPIARA;2020-04-04;   8;NA
230075;   1;AMONTADA;2020-04-04;  10;NA
230100;  30;AQUIRAZ;2020-04-04;  41;NA
230110;   3;ARACATI;2020-04-04;  34; 1
230195;   1;BARREIRA;2020-04-04;   2;NA
230220;   2;BEBERIBE;2020-04-04;  18;NA
230280;   1;CANINDE;2020-04-04;  62;NA
230330;   2;CARIUS;2020-04-04;   5; 1
230350;   1;CASCAVEL;2020-04-04;  15;NA
230360;   1;CATARINA;2020-04-04;   3;NA
230370;  32;CAUCAIA;2020-04-04; 153;NA
230410;   1;CRATEUS;2020-04-04;  31;NA
230420;   2;CRATO;2020-04-04;  29;NA
230423;   1;CROATA;2020-04-04;   1;NA
230428;   6;EUSEBIO;2020-04-04;  44; 1
230430;   1;FARIAS BRITO;2020-04-04;   5; 1
230440;1626;FORTALEZA;2020-04-04;3298;33
230445;   1;FORTIM;2020-04-04;   3;NA
230465;   1;GRACA;2020-04-04;NA;NA
230500;   1;GUARACIABA DO NORTE;2020-04-04;   7;NA
230523;   6;HORIZONTE;2020-04-04;  39;NA
230535;   2;ICAPUI;2020-04-04;   7;NA
230540;   3;ICO;2020-04-04;  10;NA
230550;   6;IGUATU;2020-04-04;  11; 1
230560;   2;INDEPENDENCIA;2020-04-04;   1;NA
230565;   1;IPAPORANGA;2020-04-04;   2;NA
230590;   2;IPUEIRAS;2020-04-04;   3;NA
230620;   1;ITAICABA;2020-04-04;NA;NA
230625;   5;ITAITINGA;2020-04-04;  21;NA
230630;   1;ITAPAJE;2020-04-04;   2;NA
230640;   2;ITAPIPOCA;2020-04-04;  18;NA
230655;   1;ITAREMA;2020-04-04;   5;NA
230690;   4;JAGUARIBE;2020-04-04;  11; 1
230730;   3;JUAZEIRO DO NORTE;2020-04-04;  29;NA
230740;   4;JUCAS;2020-04-04;   5;NA
230750;   1;LAVRAS DA MANGABEIRA;2020-04-04;   5;NA
230760;   3;LIMOEIRO DO NORTE;2020-04-04;  15;NA
230765;  33;MARACANAU;2020-04-04;  69; 1
230770;   5;MARANGUAPE;2020-04-04;  40; 1
230810;   1;MAURITI;2020-04-04;   6;NA
230850;   3;MOMBACA;2020-04-04;   5;NA
230940;   2;NOVO ORIENTE;2020-04-04;NA;NA
230960;   1;PACAJUS;2020-04-04;  26;NA
230970;   3;PACATUBA;2020-04-04;  23;NA
231130;   8;QUIXADA;2020-04-04;  22;NA
231140;   3;QUIXERAMOBIM;2020-04-04;  10;NA
231150;   2;QUIXERE;2020-04-04;  12;NA
231180;   3;RUSSAS;2020-04-04;  26;NA
231200;   1;SANTANA DO ACARAU;2020-04-04;   7;NA
231220;   1;SANTA QUITERIA;2020-04-04;   8; 1
231270;   2;SENADOR POMPEU;2020-04-04;   7;NA
231280;   1;SENADOR SA;2020-04-04;   1;NA
231290;  16;SOBRAL;2020-04-04; 173;NA
231310;   1;TABULEIRO DO NORTE;2020-04-04;   4;NA
231330;   1;TAUA;2020-04-04;  30;NA
231340;   3;TIANGUA;2020-04-04;  11; 1
231350;   1;TRAIRI;2020-04-04;   3;NA
231400;   1;VARZEA ALEGRE;2020-04-04;   3;NA
NA;  14;Sem informação;2020-04-04;2291;NA
230030;   1;ACOPIARA;2020-04-05;   8;NA
230075;   1;AMONTADA;2020-04-05;  10;NA
230100;  30;AQUIRAZ;2020-04-05;  41;NA
230110;   3;ARACATI;2020-04-05;  34; 1
230195;   1;BARREIRA;2020-04-05;   2;NA
230220;   2;BEBERIBE;2020-04-05;  18;NA
230280;   1;CANINDE;2020-04-05;  67;NA
230330;   2;CARIUS;2020-04-05;   6; 1
230350;   1;CASCAVEL;2020-04-05;  17;NA
230360;   1;CATARINA;2020-04-05;   4;NA
230370;  32;CAUCAIA;2020-04-05; 160;NA
230410;   1;CRATEUS;2020-04-05;  32;NA
230420;   2;CRATO;2020-04-05;  29;NA
230423;   1;CROATA;2020-04-05;   1;NA
230428;   6;EUSEBIO;2020-04-05;  45; 2
230430;   1;FARIAS BRITO;2020-04-05;   5; 1
230440;1649;FORTALEZA;2020-04-05;3464;39
230445;   1;FORTIM;2020-04-05;   3;NA
230465;   1;GRACA;2020-04-05;NA;NA
230500;   1;GUARACIABA DO NORTE;2020-04-05;   7;NA
230523;   7;HORIZONTE;2020-04-05;  41;NA
230535;   2;ICAPUI;2020-04-05;   7;NA
230540;   3;ICO;2020-04-05;  10;NA
230550;   7;IGUATU;2020-04-05;  12; 1
230560;   2;INDEPENDENCIA;2020-04-05;   1;NA
230565;   1;IPAPORANGA;2020-04-05;   2;NA
230590;   2;IPUEIRAS;2020-04-05;   3;NA
230620;   1;ITAICABA;2020-04-05;NA;NA
230625;   5;ITAITINGA;2020-04-05;  21;NA
230630;   1;ITAPAJE;2020-04-05;   2;NA
230640;   2;ITAPIPOCA;2020-04-05;  18;NA
230655;   1;ITAREMA;2020-04-05;   5;NA
230690;   4;JAGUARIBE;2020-04-05;  12; 1
230730;   3;JUAZEIRO DO NORTE;2020-04-05;  37;NA
230740;   4;JUCAS;2020-04-05;   5;NA
230750;   1;LAVRAS DA MANGABEIRA;2020-04-05;   5;NA
230760;   4;LIMOEIRO DO NORTE;2020-04-05;  16;NA
230765;  33;MARACANAU;2020-04-05;  72; 1
230770;   5;MARANGUAPE;2020-04-05;  44; 1
230810;   1;MAURITI;2020-04-05;   6;NA
230850;   3;MOMBACA;2020-04-05;   5;NA
230940;   2;NOVO ORIENTE;2020-04-05;NA;NA
230960;   1;PACAJUS;2020-04-05;  30;NA
230970;   3;PACATUBA;2020-04-05;  23;NA
231130;   8;QUIXADA;2020-04-05;  27;NA
231140;   3;QUIXERAMOBIM;2020-04-05;  12;NA
231150;   2;QUIXERE;2020-04-05;  12;NA
231180;   3;RUSSAS;2020-04-05;  26;NA
231200;   1;SANTANA DO ACARAU;2020-04-05;   7;NA
231220;   1;SANTA QUITERIA;2020-04-05;   8; 1
231260;   1;SAO LUÍS DO CURU;2020-04-05;   5;NA
231270;   2;SENADOR POMPEU;2020-04-05;   7;NA
231280;   1;SENADOR SA;2020-04-05;   1;NA
231290;  17;SOBRAL;2020-04-05; 174;NA
231310;   1;TABULEIRO DO NORTE;2020-04-05;   4;NA
231330;   1;TAUA;2020-04-05;  34;NA
231340;   3;TIANGUA;2020-04-05;  11; 1
231350;   1;TRAIRI;2020-04-05;   3;NA
231400;   1;VARZEA ALEGRE;2020-04-05;   4;NA
NA;  15;Sem informação;2020-04-05;2294;NA
230030;   1;ACOPIARA;2020-04-06;   9;NA
230075;   1;AMONTADA;2020-04-06;  10;NA
230100;  30;AQUIRAZ;2020-04-06;  44;NA
230110;   3;ARACATI;2020-04-06;  35; 1
230195;   1;BARREIRA;2020-04-06;   2;NA
230205;   1;BARROQUINHA;2020-04-06;   9;NA
230220;   2;BEBERIBE;2020-04-06;  18;NA
230280;   1;CANINDE;2020-04-06;  75;NA
230330;   2;CARIUS;2020-04-06;   7; 1
230350;   1;CASCAVEL;2020-04-06;  21;NA
230360;   1;CATARINA;2020-04-06;   4;NA
230370;  34;CAUCAIA;2020-04-06; 177;NA
230410;   1;CRATEUS;2020-04-06;  34;NA
230420;   2;CRATO;2020-04-06;  32;NA
230423;   1;CROATA;2020-04-06;   1;NA
230428;   7;EUSEBIO;2020-04-06;  54; 2
230430;   1;FARIAS BRITO;2020-04-06;   5; 1
230440;1693;FORTALEZA;2020-04-06;3884;46
230445;   1;FORTIM;2020-04-06;   3;NA
230465;   1;GRACA;2020-04-06;NA;NA
230500;   1;GUARACIABA DO NORTE;2020-04-06;   7;NA
230523;   7;HORIZONTE;2020-04-06;  49; 1
230535;   2;ICAPUI;2020-04-06;   9;NA
230540;   3;ICO;2020-04-06;  11;NA
230550;   7;IGUATU;2020-04-06;  15; 1
230560;   2;INDEPENDENCIA;2020-04-06;   2;NA
230565;   1;IPAPORANGA;2020-04-06;   4;NA
230590;   2;IPUEIRAS;2020-04-06;   4;NA
230620;   1;ITAICABA;2020-04-06;NA;NA
230625;   5;ITAITINGA;2020-04-06;  24; 1
230630;   1;ITAPAJE;2020-04-06;   2;NA
230640;   2;ITAPIPOCA;2020-04-06;  21;NA
230655;   1;ITAREMA;2020-04-06;   5;NA
230690;   5;JAGUARIBE;2020-04-06;  13; 1
230730;   3;JUAZEIRO DO NORTE;2020-04-06;  43;NA
230740;   4;JUCAS;2020-04-06;   6;NA
230750;   1;LAVRAS DA MANGABEIRA;2020-04-06;   6;NA
230760;   4;LIMOEIRO DO NORTE;2020-04-06;  17;NA
230765;  33;MARACANAU;2020-04-06;  85; 1
230770;   5;MARANGUAPE;2020-04-06;  47; 1
230810;   1;MAURITI;2020-04-06;   6;NA
230850;   3;MOMBACA;2020-04-06;   5;NA
230940;   2;NOVO ORIENTE;2020-04-06;   1;NA
230960;   1;PACAJUS;2020-04-06;  30;NA
230970;   3;PACATUBA;2020-04-06;  27;NA
231020;   1;PARACURU;2020-04-06;   2;NA
231130;   9;QUIXADA;2020-04-06;  30;NA
231140;   3;QUIXERAMOBIM;2020-04-06;  16;NA
231150;   2;QUIXERE;2020-04-06;  12;NA
231180;   3;RUSSAS;2020-04-06;  29;NA
231200;   1;SANTANA DO ACARAU;2020-04-06;   8;NA
231220;   1;SANTA QUITERIA;2020-04-06;   8; 1
231260;   1;SAO LUÍS DO CURU;2020-04-06;   5;NA
231270;   2;SENADOR POMPEU;2020-04-06;   7;NA
231280;   1;SENADOR SA;2020-04-06;   1;NA
231290;  17;SOBRAL;2020-04-06; 189;NA
231310;   1;TABULEIRO DO NORTE;2020-04-06;   4;NA
231330;   1;TAUA;2020-04-06;  36;NA
231340;   3;TIANGUA;2020-04-06;  11; 1
231350;   1;TRAIRI;2020-04-06;   5;NA
231400;   1;VARZEA ALEGRE;2020-04-06;   4;NA
NA;  17;Sem informação;2020-04-06;2298;NA
230030;   1;ACOPIARA;2020-04-07;  10;NA
230075;   1;AMONTADA;2020-04-07;  10;NA
230100;  30;AQUIRAZ;2020-04-07;  52;NA
230110;   3;ARACATI;2020-04-07;  36; 1
230195;   1;BARREIRA;2020-04-07;   2;NA
230205;   1;BARROQUINHA;2020-04-07;  10;NA
230220;   2;BEBERIBE;2020-04-07;  19;NA
230280;   1;CANINDE;2020-04-07;  78;NA
230330;   2;CARIUS;2020-04-07;   7; 1
230350;   1;CASCAVEL;2020-04-07;  23;NA
230360;   1;CATARINA;2020-04-07;   4;NA
230370;  36;CAUCAIA;2020-04-07; 188; 1
230410;   1;CRATEUS;2020-04-07;  37;NA
230420;   2;CRATO;2020-04-07;  35;NA
230423;   1;CROATA;2020-04-07;   1;NA
230428;   8;EUSEBIO;2020-04-07;  62; 3
230430;   1;FARIAS BRITO;2020-04-07;   5; 1
230440;1733;FORTALEZA;2020-04-07;4331;50
230445;   1;FORTIM;2020-04-07;   3;NA
230465;   1;GRACA;2020-04-07;NA;NA
230500;   1;GUARACIABA DO NORTE;2020-04-07;   7;NA
230523;   7;HORIZONTE;2020-04-07;  57; 1
230535;   2;ICAPUI;2020-04-07;  10;NA
230540;   3;ICO;2020-04-07;  11;NA
230550;   7;IGUATU;2020-04-07;  16; 1
230560;   2;INDEPENDENCIA;2020-04-07;   2;NA
230565;   1;IPAPORANGA;2020-04-07;   4;NA
230590;   2;IPUEIRAS;2020-04-07;   5;NA
230620;   1;ITAICABA;2020-04-07;NA;NA
230625;   5;ITAITINGA;2020-04-07;  32; 1
230630;   1;ITAPAJE;2020-04-07;   2;NA
230640;   2;ITAPIPOCA;2020-04-07;  21;NA
230655;   1;ITAREMA;2020-04-07;   9;NA
230690;   5;JAGUARIBE;2020-04-07;  14; 1
230730;   3;JUAZEIRO DO NORTE;2020-04-07;  45;NA
230740;   4;JUCAS;2020-04-07;   6;NA
230750;   1;LAVRAS DA MANGABEIRA;2020-04-07;   6;NA
230760;   4;LIMOEIRO DO NORTE;2020-04-07;  19;NA
230765;  34;MARACANAU;2020-04-07;  99; 1
230770;   5;MARANGUAPE;2020-04-07;  52; 1
230810;   1;MAURITI;2020-04-07;   6;NA
230850;   3;MOMBACA;2020-04-07;   5;NA
230940;   2;NOVO ORIENTE;2020-04-07;   2;NA
230960;   1;PACAJUS;2020-04-07;  32;NA
230970;   3;PACATUBA;2020-04-07;  28;NA
231020;   1;PARACURU;2020-04-07;   2;NA
231130;   9;QUIXADA;2020-04-07;  30;NA
231140;   3;QUIXERAMOBIM;2020-04-07;  19;NA
231150;   2;QUIXERE;2020-04-07;  13;NA
231180;   3;RUSSAS;2020-04-07;  34;NA
231200;   1;SANTANA DO ACARAU;2020-04-07;  10;NA
231220;   1;SANTA QUITERIA;2020-04-07;   8; 1
231260;   1;SAO LUÍS DO CURU;2020-04-07;   5;NA
231270;   2;SENADOR POMPEU;2020-04-07;   8;NA
231280;   1;SENADOR SA;2020-04-07;   1;NA
231290;  17;SOBRAL;2020-04-07; 199;NA
231310;   1;TABULEIRO DO NORTE;2020-04-07;   5;NA
231330;   1;TAUA;2020-04-07;  37;NA
231340;   3;TIANGUA;2020-04-07;  12; 1
231350;   1;TRAIRI;2020-04-07;   6;NA
231400;   1;VARZEA ALEGRE;2020-04-07;   5;NA
NA;  20;Sem informação;2020-04-07;2298;NA
230030;   1;ACOPIARA;2020-04-08;  10;NA
230075;   1;AMONTADA;2020-04-08;  11;NA
230100;  30;AQUIRAZ;2020-04-08;  57;NA
230110;   3;ARACATI;2020-04-08;  46; 1
230195;   1;BARREIRA;2020-04-08;   4;NA
230205;   1;BARROQUINHA;2020-04-08;  10;NA
230220;   2;BEBERIBE;2020-04-08;  19;NA
230280;   1;CANINDE;2020-04-08;  79;NA
230330;   2;CARIUS;2020-04-08;   8; 1
230350;   1;CASCAVEL;2020-04-08;  26;NA
230360;   1;CATARINA;2020-04-08;   4;NA
230370;  38;CAUCAIA;2020-04-08; 219; 1
230410;   1;CRATEUS;2020-04-08;  40;NA
230420;   2;CRATO;2020-04-08;  38;NA
230423;   1;CROATA;2020-04-08;   1;NA
230428;   8;EUSEBIO;2020-04-08;  66; 3
230430;   1;FARIAS BRITO;2020-04-08;   5; 1
230440;1768;FORTALEZA;2020-04-08;4862;55
230445;   1;FORTIM;2020-04-08;   3;NA
230465;   1;GRACA;2020-04-08;NA;NA
230500;   1;GUARACIABA DO NORTE;2020-04-08;   7;NA
230523;   7;HORIZONTE;2020-04-08;  61; 1
230535;   2;ICAPUI;2020-04-08;  13;NA
230540;   3;ICO;2020-04-08;  12;NA
230550;   7;IGUATU;2020-04-08;  18; 1
230560;   2;INDEPENDENCIA;2020-04-08;   2;NA
230565;   1;IPAPORANGA;2020-04-08;   5;NA
230590;   2;IPUEIRAS;2020-04-08;   6;NA
230620;   1;ITAICABA;2020-04-08;NA;NA
230625;   5;ITAITINGA;2020-04-08;  36; 1
230630;   1;ITAPAJE;2020-04-08;   3;NA
230640;   2;ITAPIPOCA;2020-04-08;  22;NA
230655;   1;ITAREMA;2020-04-08;  12;NA
230690;   5;JAGUARIBE;2020-04-08;  14; 1
230730;   3;JUAZEIRO DO NORTE;2020-04-08;  46;NA
230740;   4;JUCAS;2020-04-08;   6;NA
230750;   1;LAVRAS DA MANGABEIRA;2020-04-08;   6;NA
230760;   5;LIMOEIRO DO NORTE;2020-04-08;  20; 1
230765;  35;MARACANAU;2020-04-08; 110; 1
230770;   5;MARANGUAPE;2020-04-08;  55; 1
230810;   1;MAURITI;2020-04-08;   6;NA
230850;   3;MOMBACA;2020-04-08;   5;NA
230940;   2;NOVO ORIENTE;2020-04-08;   3;NA
230960;   1;PACAJUS;2020-04-08;  33;NA
230970;   3;PACATUBA;2020-04-08;  29;NA
231020;   1;PARACURU;2020-04-08;   2;NA
231130;   9;QUIXADA;2020-04-08;  34;NA
231140;   3;QUIXERAMOBIM;2020-04-08;  22;NA
231150;   2;QUIXERE;2020-04-08;  14;NA
231180;   3;RUSSAS;2020-04-08;  37;NA
231200;   1;SANTANA DO ACARAU;2020-04-08;  12;NA
231220;   1;SANTA QUITERIA;2020-04-08;   9; 1
231260;   1;SAO LUÍS DO CURU;2020-04-08;   5;NA
231270;   2;SENADOR POMPEU;2020-04-08;   8;NA
231280;   1;SENADOR SA;2020-04-08;   1;NA
231290;  17;SOBRAL;2020-04-08; 217;NA
231310;   1;TABULEIRO DO NORTE;2020-04-08;   5;NA
231330;   1;TAUA;2020-04-08;  40;NA
231340;   3;TIANGUA;2020-04-08;  12; 1
231350;   1;TRAIRI;2020-04-08;   7;NA
231400;   1;VARZEA ALEGRE;2020-04-08;   7;NA
NA;  29;Sem informação;2020-04-08;2299;NA
230030;   1;ACOPIARA;2020-04-09;  10;NA
230075;   1;AMONTADA;2020-04-09;  11;NA
230100;  30;AQUIRAZ;2020-04-09;  59;NA
230110;   3;ARACATI;2020-04-09;  51; 1
230195;   1;BARREIRA;2020-04-09;   4;NA
230205;   1;BARROQUINHA;2020-04-09;  10;NA
230220;   2;BEBERIBE;2020-04-09;  19;NA
230280;   1;CANINDE;2020-04-09;  79;NA
230290;   1;CAPISTRANO;2020-04-09;   2;NA
230330;   2;CARIUS;2020-04-09;   9; 1
230350;   1;CASCAVEL;2020-04-09;  33;NA
230360;   1;CATARINA;2020-04-09;   4;NA
230370;  38;CAUCAIA;2020-04-09; 235; 1
230410;   1;CRATEUS;2020-04-09;  43;NA
230420;   2;CRATO;2020-04-09;  40;NA
230423;   1;CROATA;2020-04-09;   2;NA
230428;   8;EUSEBIO;2020-04-09;  70; 3
230430;   1;FARIAS BRITO;2020-04-09;   5; 1
230440;1780;FORTALEZA;2020-04-09;5300;61
230445;   1;FORTIM;2020-04-09;   3;NA
230465;   1;GRACA;2020-04-09;NA;NA
230500;   1;GUARACIABA DO NORTE;2020-04-09;   7;NA
230523;   7;HORIZONTE;2020-04-09;  65; 1
230535;   2;ICAPUI;2020-04-09;  14;NA
230540;   3;ICO;2020-04-09;  12;NA
230550;   7;IGUATU;2020-04-09;  18; 2
230560;   2;INDEPENDENCIA;2020-04-09;   2;NA
230565;   1;IPAPORANGA;2020-04-09;   5;NA
230590;   2;IPUEIRAS;2020-04-09;   6;NA
230620;   1;ITAICABA;2020-04-09;NA;NA
230625;   5;ITAITINGA;2020-04-09;  42; 1
230630;   1;ITAPAJE;2020-04-09;   3;NA
230640;   2;ITAPIPOCA;2020-04-09;  27;NA
230655;   1;ITAREMA;2020-04-09;  12;NA
230690;   5;JAGUARIBE;2020-04-09;  14; 2
230730;   3;JUAZEIRO DO NORTE;2020-04-09;  52;NA
230740;   4;JUCAS;2020-04-09;   6;NA
230750;   1;LAVRAS DA MANGABEIRA;2020-04-09;   7;NA
230760;   5;LIMOEIRO DO NORTE;2020-04-09;  20; 1
230765;  35;MARACANAU;2020-04-09; 126; 1
230770;   5;MARANGUAPE;2020-04-09;  59; 1
230810;   1;MAURITI;2020-04-09;   7;NA
230850;   3;MOMBACA;2020-04-09;   5;NA
230940;   2;NOVO ORIENTE;2020-04-09;   3;NA
230960;   1;PACAJUS;2020-04-09;  34;NA
230970;   3;PACATUBA;2020-04-09;  36;NA
231020;   1;PARACURU;2020-04-09;   2;NA
231130;   9;QUIXADA;2020-04-09;  34;NA
231140;   3;QUIXERAMOBIM;2020-04-09;  25;NA
231150;   2;QUIXERE;2020-04-09;  14;NA
231180;   3;RUSSAS;2020-04-09;  38;NA
231200;   1;SANTANA DO ACARAU;2020-04-09;  13;NA
231220;   1;SANTA QUITERIA;2020-04-09;   9; 1
231260;   1;SAO LUÍS DO CURU;2020-04-09;   5;NA
231270;   2;SENADOR POMPEU;2020-04-09;   8;NA
231280;   1;SENADOR SA;2020-04-09;   1;NA
231290;  17;SOBRAL;2020-04-09; 227;NA
231310;   1;TABULEIRO DO NORTE;2020-04-09;   5;NA
231330;   1;TAUA;2020-04-09;  45;NA
231340;   3;TIANGUA;2020-04-09;  15; 1
231350;   1;TRAIRI;2020-04-09;   9;NA
231400;   1;VARZEA ALEGRE;2020-04-09;   7;NA
NA;  31;Sem informação;2020-04-09;2299;NA
230030;   1;ACOPIARA;2020-04-10;  10;NA
230075;   1;AMONTADA;2020-04-10;  11;NA
230100;  30;AQUIRAZ;2020-04-10;  59;NA
230110;   3;ARACATI;2020-04-10;  55; 1
230195;   1;BARREIRA;2020-04-10;   4;NA
230205;   1;BARROQUINHA;2020-04-10;  10;NA
230220;   2;BEBERIBE;2020-04-10;  19;NA
230280;   1;CANINDE;2020-04-10;  79;NA
230290;   1;CAPISTRANO;2020-04-10;   2;NA
230330;   2;CARIUS;2020-04-10;   9; 1
230350;   1;CASCAVEL;2020-04-10;  34;NA
230360;   1;CATARINA;2020-04-10;   4;NA
230370;  39;CAUCAIA;2020-04-10; 252; 1
230410;   1;CRATEUS;2020-04-10;  46;NA
230420;   2;CRATO;2020-04-10;  42;NA
230423;   1;CROATA;2020-04-10;   2;NA
230428;   8;EUSEBIO;2020-04-10;  74; 3
230430;   1;FARIAS BRITO;2020-04-10;   5; 1
230440;1784;FORTALEZA;2020-04-10;5598;67
230445;   1;FORTIM;2020-04-10;   3;NA
230465;   1;GRACA;2020-04-10;NA;NA
230500;   1;GUARACIABA DO NORTE;2020-04-10;   7;NA
230523;   7;HORIZONTE;2020-04-10;  70; 1
230535;   2;ICAPUI;2020-04-10;  14;NA
230540;   3;ICO;2020-04-10;  12;NA
230550;   7;IGUATU;2020-04-10;  26; 3
230560;   2;INDEPENDENCIA;2020-04-10;   2;NA
230565;   1;IPAPORANGA;2020-04-10;   5;NA
230590;   2;IPUEIRAS;2020-04-10;   6;NA
230620;   1;ITAICABA;2020-04-10;NA;NA
230625;   5;ITAITINGA;2020-04-10;  45; 1
230630;   1;ITAPAJE;2020-04-10;   3;NA
230640;   2;ITAPIPOCA;2020-04-10;  27;NA
230655;   1;ITAREMA;2020-04-10;  12;NA
230690;   5;JAGUARIBE;2020-04-10;  15; 2
230730;   3;JUAZEIRO DO NORTE;2020-04-10;  55;NA
230740;   4;JUCAS;2020-04-10;   6;NA
230750;   1;LAVRAS DA MANGABEIRA;2020-04-10;   8;NA
230760;   5;LIMOEIRO DO NORTE;2020-04-10;  21; 1
230765;  35;MARACANAU;2020-04-10; 130; 1
230770;   5;MARANGUAPE;2020-04-10;  65; 1
230810;   1;MAURITI;2020-04-10;   7;NA
230850;   3;MOMBACA;2020-04-10;   5;NA
230940;   2;NOVO ORIENTE;2020-04-10;   3;NA
230960;   1;PACAJUS;2020-04-10;  35;NA
230970;   3;PACATUBA;2020-04-10;  38;NA
231020;   1;PARACURU;2020-04-10;   2;NA
231130;   9;QUIXADA;2020-04-10;  36;NA
231140;   3;QUIXERAMOBIM;2020-04-10;  25; 1
231150;   2;QUIXERE;2020-04-10;  14;NA
231180;   3;RUSSAS;2020-04-10;  41;NA
231200;   1;SANTANA DO ACARAU;2020-04-10;  15;NA
231220;   1;SANTA QUITERIA;2020-04-10;   9; 1
231260;   1;SAO LUÍS DO CURU;2020-04-10;   5;NA
231270;   2;SENADOR POMPEU;2020-04-10;   8;NA
231280;   1;SENADOR SA;2020-04-10;   2;NA
231290;  17;SOBRAL;2020-04-10; 232;NA
231310;   1;TABULEIRO DO NORTE;2020-04-10;   5;NA
231330;   1;TAUA;2020-04-10;  47;NA
231340;   3;TIANGUA;2020-04-10;  15; 1
231350;   1;TRAIRI;2020-04-10;  10;NA
231400;   1;VARZEA ALEGRE;2020-04-10;   8;NA
NA;  31;Sem informação;2020-04-10;2299;NA
230030;   1;ACOPIARA;2020-04-11;  12;NA
230075;   1;AMONTADA;2020-04-11;  11;NA
230100;  30;AQUIRAZ;2020-04-11;  59;NA
230110;   3;ARACATI;2020-04-11;  57; 1
230195;   1;BARREIRA;2020-04-11;   4;NA
230205;   1;BARROQUINHA;2020-04-11;  10;NA
230220;   2;BEBERIBE;2020-04-11;  19;NA
230280;   1;CANINDE;2020-04-11;  79;NA
230290;   1;CAPISTRANO;2020-04-11;   2;NA
230330;   2;CARIUS;2020-04-11;   9; 1
230350;   1;CASCAVEL;2020-04-11;  35;NA
230360;   1;CATARINA;2020-04-11;   4;NA
230370;  39;CAUCAIA;2020-04-11; 269; 1
230410;   1;CRATEUS;2020-04-11;  48;NA
230420;   2;CRATO;2020-04-11;  43;NA
230423;   1;CROATA;2020-04-11;   2;NA
230428;   8;EUSEBIO;2020-04-11;  74; 3
230430;   1;FARIAS BRITO;2020-04-11;   5; 1
230440;1786;FORTALEZA;2020-04-11;5781;73
230445;   1;FORTIM;2020-04-11;   3;NA
230465;   1;GRACA;2020-04-11;NA;NA
230500;   1;GUARACIABA DO NORTE;2020-04-11;   7;NA
230523;   7;HORIZONTE;2020-04-11;  71; 1
230535;   2;ICAPUI;2020-04-11;  15;NA
230540;   3;ICO;2020-04-11;  13;NA
230550;   7;IGUATU;2020-04-11;  27; 3
230560;   2;INDEPENDENCIA;2020-04-11;   3;NA
230565;   1;IPAPORANGA;2020-04-11;   5;NA
230590;   2;IPUEIRAS;2020-04-11;   7;NA
230620;   1;ITAICABA;2020-04-11;NA;NA
230625;   5;ITAITINGA;2020-04-11;  45; 1
230630;   1;ITAPAJE;2020-04-11;   3;NA
230640;   2;ITAPIPOCA;2020-04-11;  27;NA
230655;   1;ITAREMA;2020-04-11;  13;NA
230690;   5;JAGUARIBE;2020-04-11;  15; 2
230730;   3;JUAZEIRO DO NORTE;2020-04-11;  56;NA
230740;   4;JUCAS;2020-04-11;   6;NA
230750;   1;LAVRAS DA MANGABEIRA;2020-04-11;   8;NA
230760;   5;LIMOEIRO DO NORTE;2020-04-11;  23; 2
230765;  35;MARACANAU;2020-04-11; 143; 1
230770;   5;MARANGUAPE;2020-04-11;  66; 1
230810;   1;MAURITI;2020-04-11;   9;NA
230850;   3;MOMBACA;2020-04-11;   6;NA
230940;   2;NOVO ORIENTE;2020-04-11;   3;NA
230960;   1;PACAJUS;2020-04-11;  39;NA
230970;   3;PACATUBA;2020-04-11;  38;NA
231020;   1;PARACURU;2020-04-11;   2;NA
231130;   9;QUIXADA;2020-04-11;  38;NA
231140;   3;QUIXERAMOBIM;2020-04-11;  27; 1
231150;   2;QUIXERE;2020-04-11;  14;NA
231180;   3;RUSSAS;2020-04-11;  41;NA
231200;   1;SANTANA DO ACARAU;2020-04-11;  16;NA
231220;   1;SANTA QUITERIA;2020-04-11;   9; 1
231260;   1;SAO LUÍS DO CURU;2020-04-11;   5;NA
231270;   2;SENADOR POMPEU;2020-04-11;  12;NA
231280;   1;SENADOR SA;2020-04-11;   2;NA
231290;  17;SOBRAL;2020-04-11; 234;NA
231310;   1;TABULEIRO DO NORTE;2020-04-11;   5;NA
231330;   1;TAUA;2020-04-11;  50;NA
231340;   3;TIANGUA;2020-04-11;  15; 1
231350;   1;TRAIRI;2020-04-11;  10;NA
231400;   1;VARZEA ALEGRE;2020-04-11;  10;NA
NA;  31;Sem informação;2020-04-11;2299;NA
230030;   1;ACOPIARA;2020-04-12;  12;NA
230075;   1;AMONTADA;2020-04-12;  11;NA
230100;  30;AQUIRAZ;2020-04-12;  61;NA
230110;   3;ARACATI;2020-04-12;  57; 1
230195;   1;BARREIRA;2020-04-12;   4;NA
230205;   1;BARROQUINHA;2020-04-12;  11;NA
230220;   2;BEBERIBE;2020-04-12;  19;NA
230280;   1;CANINDE;2020-04-12;  79;NA
230290;   1;CAPISTRANO;2020-04-12;   3;NA
230330;   2;CARIUS;2020-04-12;   9; 1
230350;   1;CASCAVEL;2020-04-12;  35;NA
230360;   1;CATARINA;2020-04-12;   4;NA
230370;  39;CAUCAIA;2020-04-12; 279; 1
230410;   1;CRATEUS;2020-04-12;  50;NA
230420;   2;CRATO;2020-04-12;  45;NA
230423;   1;CROATA;2020-04-12;   3;NA
230428;   8;EUSEBIO;2020-04-12;  74; 3
230430;   1;FARIAS BRITO;2020-04-12;   5; 1
230440;1786;FORTALEZA;2020-04-12;5970;78
230445;   1;FORTIM;2020-04-12;   3;NA
230465;   1;GRACA;2020-04-12;NA;NA
230500;   1;GUARACIABA DO NORTE;2020-04-12;   7;NA
230523;   7;HORIZONTE;2020-04-12;  72; 1
230535;   2;ICAPUI;2020-04-12;  15;NA
230540;   3;ICO;2020-04-12;  13;NA
230550;   7;IGUATU;2020-04-12;  30; 3
230560;   2;INDEPENDENCIA;2020-04-12;   4;NA
230565;   1;IPAPORANGA;2020-04-12;   5;NA
230590;   2;IPUEIRAS;2020-04-12;   7;NA
230620;   1;ITAICABA;2020-04-12;NA;NA
230625;   5;ITAITINGA;2020-04-12;  49; 1
230630;   1;ITAPAJE;2020-04-12;   3;NA
230640;   2;ITAPIPOCA;2020-04-12;  27;NA
230655;   1;ITAREMA;2020-04-12;  13;NA
230690;   5;JAGUARIBE;2020-04-12;  15; 2
230730;   3;JUAZEIRO DO NORTE;2020-04-12;  59;NA
230740;   4;JUCAS;2020-04-12;   6;NA
230750;   1;LAVRAS DA MANGABEIRA;2020-04-12;   8;NA
230760;   5;LIMOEIRO DO NORTE;2020-04-12;  25; 2
230765;  35;MARACANAU;2020-04-12; 148; 1
230770;   5;MARANGUAPE;2020-04-12;  68; 2
230810;   1;MAURITI;2020-04-12;   9;NA
230850;   3;MOMBACA;2020-04-12;   7;NA
230940;   2;NOVO ORIENTE;2020-04-12;   4;NA
230960;   1;PACAJUS;2020-04-12;  39;NA
230970;   3;PACATUBA;2020-04-12;  38;NA
231020;   1;PARACURU;2020-04-12;   2;NA
231130;   9;QUIXADA;2020-04-12;  39;NA
231140;   3;QUIXERAMOBIM;2020-04-12;  27; 1
231150;   2;QUIXERE;2020-04-12;  15;NA
231180;   3;RUSSAS;2020-04-12;  42;NA
231200;   1;SANTANA DO ACARAU;2020-04-12;  17;NA
231220;   1;SANTA QUITERIA;2020-04-12;   9; 1
231260;   1;SAO LUÍS DO CURU;2020-04-12;   5;NA
231270;   2;SENADOR POMPEU;2020-04-12;  12;NA
231280;   1;SENADOR SA;2020-04-12;   2;NA
231290;  17;SOBRAL;2020-04-12; 234;NA
231310;   1;TABULEIRO DO NORTE;2020-04-12;   5;NA
231330;   1;TAUA;2020-04-12;  51;NA
231340;   3;TIANGUA;2020-04-12;  15; 1
231350;   1;TRAIRI;2020-04-12;  10;NA
231400;   1;VARZEA ALEGRE;2020-04-12;  10;NA
NA;  31;Sem informação;2020-04-12;2299;NA
230030;   1;ACOPIARA;2020-04-13;  13;NA
230075;   1;AMONTADA;2020-04-13;  11;NA
230100;  30;AQUIRAZ;2020-04-13;  65;NA
230110;   3;ARACATI;2020-04-13;  58; 1
230195;   1;BARREIRA;2020-04-13;   4;NA
230205;   1;BARROQUINHA;2020-04-13;  11;NA
230220;   2;BEBERIBE;2020-04-13;  19;NA
230280;   1;CANINDE;2020-04-13;  79;NA
230290;   1;CAPISTRANO;2020-04-13;   3;NA
230330;   2;CARIUS;2020-04-13;   9; 1
230350;   1;CASCAVEL;2020-04-13;  36;NA
230360;   1;CATARINA;2020-04-13;   4;NA
230370;  39;CAUCAIA;2020-04-13; 298; 1
230410;   1;CRATEUS;2020-04-13;  50;NA
230420;   2;CRATO;2020-04-13;  47;NA
230423;   1;CROATA;2020-04-13;   3;NA
230428;   8;EUSEBIO;2020-04-13;  75; 3
230430;   1;FARIAS BRITO;2020-04-13;   5; 1
230440;1788;FORTALEZA;2020-04-13;6226;83
230445;   1;FORTIM;2020-04-13;   3;NA
230465;   1;GRACA;2020-04-13;   1;NA
230500;   1;GUARACIABA DO NORTE;2020-04-13;   7;NA
230523;   7;HORIZONTE;2020-04-13;  73; 1
230535;   2;ICAPUI;2020-04-13;  15;NA
230540;   3;ICO;2020-04-13;  13;NA
230550;   7;IGUATU;2020-04-13;  30; 3
230560;   2;INDEPENDENCIA;2020-04-13;   4;NA
230565;   1;IPAPORANGA;2020-04-13;   6;NA
230590;   2;IPUEIRAS;2020-04-13;   7;NA
230620;   1;ITAICABA;2020-04-13;   1;NA
230625;   5;ITAITINGA;2020-04-13;  58; 1
230630;   1;ITAPAJE;2020-04-13;   3;NA
230640;   2;ITAPIPOCA;2020-04-13;  31;NA
230655;   1;ITAREMA;2020-04-13;  13;NA
230690;   5;JAGUARIBE;2020-04-13;  15; 2
230730;   3;JUAZEIRO DO NORTE;2020-04-13;  61;NA
230740;   4;JUCAS;2020-04-13;   6;NA
230750;   1;LAVRAS DA MANGABEIRA;2020-04-13;   9;NA
230760;   5;LIMOEIRO DO NORTE;2020-04-13;  28; 2
230765;  35;MARACANAU;2020-04-13; 162; 1
230770;   5;MARANGUAPE;2020-04-13;  75; 2
230810;   1;MAURITI;2020-04-13;   9;NA
230850;   3;MOMBACA;2020-04-13;   7;NA
230940;   2;NOVO ORIENTE;2020-04-13;   4;NA
230960;   1;PACAJUS;2020-04-13;  43;NA
230970;   3;PACATUBA;2020-04-13;  45;NA
231020;   1;PARACURU;2020-04-13;   4;NA
231130;   9;QUIXADA;2020-04-13;  40;NA
231140;   3;QUIXERAMOBIM;2020-04-13;  27; 1
231150;   2;QUIXERE;2020-04-13;  19;NA
231180;   3;RUSSAS;2020-04-13;  44;NA
231200;   1;SANTANA DO ACARAU;2020-04-13;  19;NA
231220;   1;SANTA QUITERIA;2020-04-13;   9; 1
231260;   1;SAO LUÍS DO CURU;2020-04-13;   9;NA
231270;   2;SENADOR POMPEU;2020-04-13;  12;NA
231280;   1;SENADOR SA;2020-04-13;   2;NA
231290;  17;SOBRAL;2020-04-13; 244;NA
231310;   1;TABULEIRO DO NORTE;2020-04-13;   5;NA
231330;   1;TAUA;2020-04-13;  51;NA
231340;   3;TIANGUA;2020-04-13;  17; 1
231350;   1;TRAIRI;2020-04-13;  10;NA
231400;   1;VARZEA ALEGRE;2020-04-13;  10;NA
NA;  31;Sem informação;2020-04-13;2299;NA
230030;   1;ACOPIARA;2020-04-14;  13;NA
230075;   1;AMONTADA;2020-04-14;  11;NA
230100;  30;AQUIRAZ;2020-04-14;  65;NA
230110;   3;ARACATI;2020-04-14;  59; 1
230195;   1;BARREIRA;2020-04-14;   4;NA
230205;   1;BARROQUINHA;2020-04-14;  11;NA
230220;   2;BEBERIBE;2020-04-14;  19;NA
230280;   1;CANINDE;2020-04-14;  80;NA
230290;   1;CAPISTRANO;2020-04-14;   3; 1
230330;   2;CARIUS;2020-04-14;   9; 1
230350;   1;CASCAVEL;2020-04-14;  37;NA
230360;   1;CATARINA;2020-04-14;   4;NA
230370;  39;CAUCAIA;2020-04-14; 307; 2
230410;   1;CRATEUS;2020-04-14;  50;NA
230420;   2;CRATO;2020-04-14;  48;NA
230423;   1;CROATA;2020-04-14;   3;NA
230428;   8;EUSEBIO;2020-04-14;  77; 3
230430;   1;FARIAS BRITO;2020-04-14;   5; 1
230440;1794;FORTALEZA;2020-04-14;6360;86
230445;   1;FORTIM;2020-04-14;   3;NA
230465;   1;GRACA;2020-04-14;   1;NA
230500;   1;GUARACIABA DO NORTE;2020-04-14;   7;NA
230523;   7;HORIZONTE;2020-04-14;  78; 1
230535;   2;ICAPUI;2020-04-14;  15;NA
230540;   3;ICO;2020-04-14;  14;NA
230550;   7;IGUATU;2020-04-14;  30; 4
230560;   2;INDEPENDENCIA;2020-04-14;   4;NA
230565;   1;IPAPORANGA;2020-04-14;   6;NA
230590;   2;IPUEIRAS;2020-04-14;   7;NA
230620;   1;ITAICABA;2020-04-14;   1;NA
230625;   5;ITAITINGA;2020-04-14;  59; 1
230630;   1;ITAPAJE;2020-04-14;   3;NA
230640;   2;ITAPIPOCA;2020-04-14;  32;NA
230655;   1;ITAREMA;2020-04-14;  17;NA
230690;   5;JAGUARIBE;2020-04-14;  17; 2
230730;   3;JUAZEIRO DO NORTE;2020-04-14;  61;NA
230740;   4;JUCAS;2020-04-14;   6;NA
230750;   1;LAVRAS DA MANGABEIRA;2020-04-14;   9;NA
230760;   5;LIMOEIRO DO NORTE;2020-04-14;  28; 2
230765;  35;MARACANAU;2020-04-14; 169; 1
230770;   5;MARANGUAPE;2020-04-14;  79; 2
230810;   1;MAURITI;2020-04-14;  10;NA
230850;   3;MOMBACA;2020-04-14;   8;NA
230940;   2;NOVO ORIENTE;2020-04-14;   4;NA
230960;   1;PACAJUS;2020-04-14;  43;NA
230970;   3;PACATUBA;2020-04-14;  49;NA
231020;   1;PARACURU;2020-04-14;   4;NA
231130;   9;QUIXADA;2020-04-14;  40;NA
231140;   3;QUIXERAMOBIM;2020-04-14;  29; 1
231150;   2;QUIXERE;2020-04-14;  20;NA
231180;   3;RUSSAS;2020-04-14;  45;NA
231200;   1;SANTANA DO ACARAU;2020-04-14;  19;NA
231220;   1;SANTA QUITERIA;2020-04-14;   9; 1
231260;   1;SAO LUÍS DO CURU;2020-04-14;   9;NA
231270;   2;SENADOR POMPEU;2020-04-14;  12;NA
231280;   1;SENADOR SA;2020-04-14;   2;NA
231290;  17;SOBRAL;2020-04-14; 248;NA
231310;   1;TABULEIRO DO NORTE;2020-04-14;   5;NA
231330;   1;TAUA;2020-04-14;  56;NA
231340;   3;TIANGUA;2020-04-14;  17; 1
231350;   1;TRAIRI;2020-04-14;  10;NA
231400;   1;VARZEA ALEGRE;2020-04-14;  10;NA
NA;  31;Sem informação;2020-04-14;2299;NA
